,Counts
pepper,31823
salt,30531
oil,29022
garlic,23587
ground,22816
fresh,22161
sauce,15987
sugar,15621
onions,15450
cheese,14452
chicken,14270
olive,13539
black,13221
water,12219
red,11525
flour,11079
butter,10772
tomatoes,10712
green,10643
powder,10295
chopped,9802
cloves,9422
juice,8970
white,8625
onion,8609
eggs,8170
rice,7661
cream,7628
cilantro,7432
milk,7292
lemon,7273
vegetable,7067
leaves,6810
large,6787
ginger,6731
corn,6524
dried,6387
vinegar,6185
lime,6184
soy,6075
all-purpose,5816
cumin,5809
broth,5556
chili,5406
wine,5333
bell,5313
parsley,5172
sesame,4390
beans,4327
grated,4093
kosher,4012
carrots,4005
basil,3834
beef,3798
dry,3793
seeds,3748
brown,3729
paste,3700
baking,3689
unsalted,3671
parmesan,3648
chilies,3491
oregano,3435
extra-virgin,3424
boneless,3410
shredded,3300
cinnamon,3261
tomato,3208
egg,3178
potatoes,3134
thyme,3082
pork,3075
cooking,3050
shrimp,2911
chile,2903
diced,2882
yellow,2863
bread,2842
seasoning,2812
tortillas,2802
skinless,2801
vanilla,2778
coconut,2767
sodium,2752
coriander,2740
celery,2701
bay,2688
cayenne,2672
breasts,2650
minced,2637
mushrooms,2599
leaf,2597
crushed,2519
whole,2518
spray,2510
sour,2471
flakes,2421
starch,2412
paprika,2411
stock,2400
purple,2376
scallions,2372
hot,2337
cheddar,2315
fish,2311
mustard,2249
extract,2201
orange,2192
jalapeno,2188
curry,2038
frozen,1991
sweet,1977
low,1926
shallots,1866
sea,1857
fat,1823
light,1806
peppers,1782
mozzarella,1759
cooked,1756
honey,1755
heavy,1744
noodles,1706
mint,1701
olives,1700
spinach,1694
peas,1672
sliced,1670
salsa,1663
canola,1624
avocado,1604
cabbage,1549
lettuce,1521
bacon,1521
pasta,1520
breast,1509
yogurt,1478
sausage,1446
cucumber,1429
yolks,1404
flat,1391
seed,1376
dark,1341
masala,1340
nutmeg,1340
freshly,1318
soda,1317
fillets,1270
buttermilk,1266
halves,1239
turmeric,1218
peanut,1189
garam,1181
whites,1181
granulated,1165
zucchini,1152
plum,1140
zest,1129
plain,1121
italian,1111
chocolate,1082
toasted,1075
free,1075
whipping,1051
almonds,1047
peeled,1031
rosemary,1028
smoked,1020
crumbs,1012
peppercorns,1008
peanuts,996
sprigs,985
mayonaise,983
baby,969
tumeric,963
yeast,961
cardamom,949
reduced,945
roasted,913
half,907
ricotta,903
coarse,900
raisins,886
ribs,885
low-fat,880
worcestershire,867
of,856
sticks,848
ham,842
cider,833
chinese,826
feta,825
fennel,821
jack,814
steak,814
mix,806
meat,799
clove,795
tofu,794
chiles,792
taco,785
sherry,780
turkey,777
chives,770
wheat,768
syrup,761
warm,752
ice,748
medium,746
shiitake,741
balsamic,734
lamb,724
dijon,709
root,699
greens,687
serrano,687
lean,685
less,682
unsweetened,682
allspice,682
chips,682
powdered,679
cold,671
capers,671
roast,665
slices,660
broccoli,653
condensed,651
finely,648
bean,648
eggplant,645
ketchup,643
cornmeal,630
mirin,626
cherry,624
and,622
wedges,619
saffron,609
greek,608
oyster,608
spring,606
Italian,599
sharp,592
beansprouts,585
thai,582
boiling,579
peel,578
pecans,570
soup,568
sage,563
squash,562
leeks,561
dill,559
thighs,547
spaghetti,540
apple,537
potato,535
in,534
chickpeas,527
shoulder,525
golden,519
hoisin,518
kernels,518
tortilla,513
kalamata,513
cracked,509
Mexican,507
enchilada,506
crumbles,503
confectioners,501
thigh,500
apples,499
sausages,496
anise,495
meal,492
active,488
pitted,488
firm,486
cajun,486
pineapple,485
grain,485
fine,480
cocoa,479
&,474
chipotle,468
dressing,468
nuts,468
wrappers,463
part-skim,459
reggiano,453
long-grain,452
lemongrass,450
tenderloin,448
shortening,445
creole,444
canned,440
pastry,440
parmigiano,439
mango,438
pinenuts,435
sweetened,435
salad,433
dough,431
sake,427
pizza,426
romaine,426
basmati,424
baguette,420
long,420
asparagus,419
extra,418
okra,415
almond,405
ghee,403
tomatillos,402
florets,401
cake,400
lentils,397
adobo,396
style,396
threads,395
cauliflower,394
poblano,394
penne,392
Jack,390
mushroom,389
salmon,388
Monterey,384
Sriracha,380
grits,374
radishes,371
kidney,369
Sauce,367
romano,365
arborio,363
peaches,362
french,360
refried,358
walnuts,357
lasagna,356
grape,354
sirloin,354
prosciutto,353
whiskey,352
pods,351
vegetables,349
monterey,348
beer,347
yoghurt,345
miso,345
andouille,345
steaks,343
melted,343
anchovy,343
loin,342
russet,340
shells,339
instant,335
five-spice,333
star,326
Thai,324
chorizo,322
rib,322
flank,321
nonfat,319
Shaoxing,316
linguine,311
asian,309
evaporated,309
tarragon,309
ancho,308
cashew,305
coffee,305
de,304
chuck,303
margarine,303
rum,302
blend,302
gold,301
bouillon,300
purÃ©e,294
kernel,294
pie,293
napa,291
marinara,290
crab,290
chops,289
rolls,288
bulb,284
bananas,284
goat,283
arugula,283
wedge,281
swiss,281
strawberries,281
chestnuts,279
packed,278
pecorino,275
queso,275
roma,275
yukon,273
seasoned,272
choy,271
Pepper,271
cubes,271
pesto,271
pinto,266
couscous,265
panko,265
bourbon,265
drain,264
apricot,263
spices,262
pure,262
food,260
tamarind,260
sun-dried,259
breadcrumbs,259
base,259
Tabasco,258
1%,257
mixed,257
english,257
scallops,256
cannellini,256
bok,252
salted,251
crust,250
self,250
tuna,247
kale,247
pumpkin,246
chipotles,245
black-eyed,244
stewed,243
rising,242
brandy,241
guacamole,241
liqueur,240
rind,239
veal,239
all,238
hearts,234
slivered,234
clams,231
crumb,230
purpose,229
fresco,229
mussels,228
unbleached,228
tartar,228
tea,226
semisweet,225
raspberries,224
snow,223
cottage,223
fenugreek,222
butternut,221
button,220
small,219
reduced-fat,219
dal,217
iceberg,217
vermicelli,217
pancetta,216
sprouts,214
whipped,211
puff,211
refrigerated,211
herbs,210
lard,209
with,207
wonton,206
jasmine,205
collard,205
palm,204
crÃ¨me,203
caster,200
tequila,199
provolone,199
marjoram,197
dashi,197
shoots,196
cherries,195
polenta,194
daikon,192
artichoke,192
mayonnaise,190
bittersweet,190
fettucine,189
fraÃ®che,189
hominy,188
"cheese,",186
pears,186
quinoa,186
soften,186
clam,185
garbanzo,184
leg,184
pecan,183
prepared,181
pimentos,181
mascarpone,180
nori,180
sheets,180
firmly,180
maple,178
duck,178
szechwan,178
Gochujang,178
molasses,178
fontina,175
kaffir,175
bamboo,174
masa,174
lower,174
country,173
cotija,171
spanish,171
legs,170
cremini,170
gelatin,170
round,169
soft,169
pea,169
verde,168
old,167
wings,166
non-fat,166
horseradish,164
berries,163
hazelnuts,163
beets,162
butt,161
chunky,161
chees,160
paneer,160
mung,160
phyllo,159
belly,159
chard,158
roll,157
short,157
turnips,156
pearl,156
macaroni,155
catfish,155
fruit,155
espresso,154
kimchi,154
semolina,153
chop,153
fat-free,153
barbecue,153
orzo,152
liquid,151
concentrate,151
drumsticks,150
pistachios,149
chillies,148
casings,148
marsala,148
pieces,146
creamy,146
granny,146
smith,146
crawfish,145
mild,144
pita,144
buns,144
doughs,144
mexican,143
sunflower,143
gingerroot,143
cashews,143
chutney,141
nectar,141
lump,141
vidalia,140
watercress,140
porcini,139
cod,139
stew,139
granules,138
jumbo,138
tamari,138
tapioca,136
gruyere,135
soba,135
caps,134
grass,134
asafoetida,134
"corn,",133
bow-tie,133
prawns,132
unflavored,132
hard-boiled,132
blanched,131
cornflour,129
angel,129
skim,128
raw,128
halibut,127
spice,127
oats,126
seedless,126
drippings,125
pepperoni,124
fillet,124
jam,124
crumbled,123
steamed,123
harina,122
ripe,122
morsels,121
tilapia,120
cranberries,120
pickled,120
hair,119
guajillo,119
salami,118
biscuits,118
blueberries,118
leav,118
cognac,117
top,117
elbow,116
bonito,116
crema,115
organic,115
squid,115
blackberries,114
japanese,113
oysters,113
husks,112
eggplants,112
pickles,111
quickcooking,111
coloring,111
caraway,111
wasabi,111
chickens,111
sushi,111
jicama,110
oranges,110
marinade,109
currants,109
sandwich,108
amchur,108
banana,108
ranch,108
rigatoni,108
gallo,107
pico,107
galangal,107
mace,106
stick,106
agave,106
artichokes,105
stems,105
new,105
sourdough,105
cut,105
asiago,104
crabmeat,104
edamame,104
preserves,104
prunes,103
2%,103
slaw,102
substitute,101
vodka,101
table,101
peach,101
blue,101
links,100
crackers,100
paper,99
vinaigrette,99
poppy,99
shanks,98
cutlets,98
wild,96
ear,96
bone,96
snapper,96
skimmed,96
methi,95
bones,95
graham,95
shell,95
cachaca,95
hamburger,94
grapeseed,94
semi-sweet,94
flavored,94
candied,94
tortellini,93
superfine,93
ramen,93
bass,92
colby,92
whip,91
brewed,91
topping,91
mini,89
udon,89
brisket,89
herbes,88
bags,88
skirt,88
konbu,88
lima,88
baked,88
vermouth,87
preserved,87
bird,87
parsnips,87
piecrusts,87
grating,87
date,87
mashed,87
rotisserie,86
portabello,86
lobster,86
"pepper,",86
capsicum,85
habanero,85
bone-in,85
Cheese,84
urad,84
gorgonzola,84
curds,84
dates,84
hungarian,83
heart,82
hocks,82
crimini,82
harissa,82
split,82
radicchio,82
teriyaki,81
pickle,81
eye,81
tahini,81
pear,81
file,81
roasting,81
short-grain,81
port,81
,81
slice,80
gluten,80
rotini,80
provence,80
figs,80
dipping,80
sambal,79
cracker,79
sauces,79
poultry,78
papaya,78
pudding,78
livers,78
currant,78
GruyÃ¨re,77
parmigiano-reggiano,77
or,76
manchego,76
littleneck,76
cane,76
spears,76
escarole,76
dri,76
Chinese,75
sprinkles,75
deveined,75
gnocchi,75
picante,75
gram,74
natural,74
plums,74
prepar,73
seaweed,73
pimento,73
pomegranate,73
grapefruit,73
double,73
homemade,73
stuffed,73
mein,72
Cream,72
rock,72
silken,72
relish,71
jerk,71
bottled,71
scallion,71
beaten,70
Old,70
Alfredo,70
anchovies,70
fettuccine,70
liver,70
raspberry,70
for,70
barley,70
glutinous,70
navel,69
El,69
savoy,69
center,69
clarified,69
champagne,69
thick-cut,69
shelled,68
whitefish,68
cornbread,68
gravy,68
cocktail,68
tart,68
curd,68
back,67
kasuri,67
flaked,67
crusts,67
vine,67
artichok,66
Anaheim,66
rabe,66
marin,66
asafetida,66
scotch,65
fusilli,65
yams,65
seafood,65
malt,64
turbinado,64
endive,64
kielbasa,63
store,63
California,63
chunks,63
bought,63
walnut,63
ravioli,63
ulek,63
crusty,62
"peppers,",62
fry,61
candy,61
northern,61
uncook,61
fingers,61
great,61
chickpea,61
whole-milk,61
marmalade,61
arbol,60
rubbed,60
Japanese,60
filet,60
marshmallows,60
nonstick,60
Irish,59
haricots,59
vietnamese,59
pitas,59
verts,59
best,59
mayonnais,59
croutons,58
watermelon,58
hellmann',58
drained,58
grapes,58
rocket,58
enokitake,58
softened,58
club,58
pickling,57
flower,57
orecchiette,57
essence,57
sauc,57
gari,57
buckwheat,56
stir,56
fried,56
carrot,56
cookies,56
regular,55
ciabatta,55
hock,55
rose,55
safflower,54
oven-ready,54
hass,54
hothouse,54
bonnet,54
jeera,54
glass,54
dusting,54
Oil,54
teas,54
el,53
knorr,53
hanout,53
sweeten,53
pine,53
skins,53
ras,53
fava,53
jelly,53
spicy,52
self-rising,52
truffle,52
processed,52
ladyfingers,52
saltines,52
epazote,51
crystallized,51
wafers,51
plantains,50
rounds,50
ziti,50
Dressing,50
delicious,50
mandarin,50
vegan,50
pasilla,50
chaat,50
simple,50
Belgian,49
naan,49
ripened,49
jaggery,49
tops,49
grate,49
fajita,49
key,48
pink,48
jamaican,48
triple,48
brine-cured,48
frosting,48
sec,48
gai,48
spareribs,48
fermented,47
lan,47
Spread,47
soybean,47
meatballs,47
brussels,47
neutral,47
brie,47
salata,46
breakfast,46
Pasoâ„¢,46
cucumbers,46
trout,46
Seasoning,46
"noodles,",45
apricots,45
real,45
stuffing,45
coleslaw,45
melon,45
Madras,45
rolled,45
won,45
ton,45
shell-on,45
American,45
gyoza,45
mahi,44
fronds,44
Green,44
corned,44
dumpling,44
colouring,44
Mix,44
rotelle,43
range,43
ragu,43
amaretto,43
wood,43
deli,43
oxtails,43
rub,43
dillweed,43
arrowroot,43
filling,42
cakes,42
caramel,42
"boneless,",42
no-salt-added,42
crescent,42
Hot,42
kiwi,42
summer,42
thin,42
shank,42
loaf,42
heirloom,42
cube,41
quick,41
smoke,41
pistachio,41
prawn,41
tandoori,41
sauerkraut,41
crabs,41
tangerine,41
herb,41
turnip,41
chayotes,41
rye,40
cornichons,40
boston,40
gouda,40
bulgur,40
calamansi,40
Chicken,40
fig,40
chervil,40
muffin,39
cook,39
waxy,39
straw,39
cranberry,39
puree,39
oz.),39
tenders,39
Grand,39
Marnier,39
on,39
sticky,39
toast,39
wide,38
full,38
Madeira,38
moong,38
stewing,38
loosely,38
dumplings,38
Velveeta,38
aminos,38
biscuit,38
manicotti,38
lager,37
English,37
lentil,37
togarashi,37
Liqueur,37
flatbread,37
hens,37
navy,37
quick-cooking,37
flavoring,37
chow,37
gochugaru,36
flavor,36
hard,36
cubed,36
rotel,36
spread,36
glaze,36
kelp,36
fleur,35
genoa,35
jalapenos,35
sel,35
sweetener,35
Original,35
quarters,35
Boston,35
tiger,35
thawed,34
bitters,34
chilli,34
nutritional,34
haddock,34
BertolliÂ®,34
cornish,34
ale,34
Guinness,34
stilton,34
stout,34
bbq,33
ditalini,33
veggies,33
Beer,33
swordfish,33
spaghettini,33
shiso,33
tasso,33
lemonade,33
cutlet,33
Soup,33
Olive,33
shucked,33
gluten-free,33
msg,33
irish,33
boil,32
grease,32
color,32
achiote,32
lumpia,32
pepitas,32
sausag,32
Shredded,32
lo,32
rins,32
applesauce,32
radish,32
kirby,31
dogs,31
bibb,31
rhubarb,31
skin,31
asadero,31
Philadelphia,31
muscovado,31
goreng,30
bawang,30
passata,30
NiÃ§oise,30
cured,30
no,30
peppercorn,30
pappardelle,30
splenda,30
cantaloupe,30
juniper,30
KRAFT,30
rump,30
nigella,30
pound,29
mutton,29
shoyu,29
Salsa,29
clear,29
nectarines,29
codfish,29
ponzu,29
tips,29
Mayonnaise,29
beefsteak,29
tostada,29
pig,28
unbaked,28
demi-glace,28
risotto,28
fingerling,28
portobello,28
bouquet,28
mexicorn,28
caviar,28
bulk,28
savory,28
creme,28
brine,28
goat's,28
strip,28
nopales,28
yardlong,28
low-sodium,28
butter-margarine,28
hash,28
imitation,27
suet,27
chinkiang,27
world,27
flowers,27
"leaves,",27
"garlic,",27
chana,27
pernod,27
farro,27
medium-grain,27
season,27
Campbell's,27
Condensed,27
canadian,27
pepperoncini,27
rabbit,27
string,27
bosc,27
broccolini,27
guanciale,27
quail,27
crush,26
cointreau,26
oil-cured,26
kidnei,26
Vietnamese,26
limeade,26
"beans,",26
sardines,26
Kraft,26
Dutch-processed,26
hummus,26
blood,26
curly,26
solid,26
persian,26
stevia,26
strawberry,26
tagliatelle,26
pancake,25
nuoc,25
annatto,25
mexicana,25
lavender,25
gin,25
buffalo,25
Flour,25
lite,25
aÃ§ai,25
Johnsonville,25
silver,25
hoagie,25
weed,25
pulp,25
Country,25
five,25
"spinach,",25
sultana,25
calvados,25
squeezed,25
bits,25
gumbo,24
Korean,24
browning,24
wafer,24
garden,24
Style,24
non,24
old-fashioned,24
piloncillo,24
Sausage,24
CrockÂ®,24
(,24
Believe,24
I,24
Butter!Â®,24
king,24
devein,24
"shrimp,",24
It's,24
distilled,24
Can't,24
Not,24
fryer,24
double-acting,24
korean,24
chip,24
medjool,24
garni,23
calamari,23
manis,23
kecap,23
york,23
chicken-flavored,23
mole,23
Chunky,23
kahlÃºa,23
Classico,23
pandanus,23
lasagne,23
parts,23
hazelnut,23
tawny,23
boiled,23
shahi,23
shavings,23
Paso,23
Turkish,22
chevre,22
barbecued,22
added,22
honeydew,22
nam,22
Corn,22
tip,22
bran,22
frisee,22
carbonated,22
canela,22
shichimi,22
truffles,22
seltzer,22
taro,22
kumquats,22
kirsch,22
field,22
brioche,22
French,22
cereal,22
Maggi,22
rutabaga,22
chanterelle,21
fire,21
free-range,21
flounder,21
crepes,21
confit,21
rise,21
chat,21
aged,21
rigate,21
uncooked,21
acorn,21
tostadas,21
fully,21
alfredo,21
meringue,21
xanthan,21
bartlett,21
batter,21
gum,21
cardamon,21
wakame,21
Cookies,21
cornflake,21
picholine,20
balls,20
single,20
stone-ground,20
tzatziki,20
sundried,20
sichuan,20
applewood,20
Burgundy,20
maida,20
tails,20
tapenade,20
Taco,20
Rice,20
grouper,20
vegetarian,20
custard,20
sole,20
rapid,20
bars,19
tenderloins,19
zesty,19
bicarbonate,19
germ,19
neck,19
McCormick,19
consomme,19
lowfat,19
size,19
chestnut,19
blossom,19
into,19
mission,19
idaho,19
Spanish,19
yolk,19
perilla,19
rack,19
marnier,19
gran,19
sponge,19
Louisiana,19
Flora,19
farmer,19
char,19
kombu,19
loaves,19
mignon,19
armagnac,19
reduced-sodium,19
passion,19
pan,19
Masala,18
Sweetener,18
prebaked,18
sorghum,18
rapeseed,18
ajwain,18
nutmegs,18
strips,18
hand,18
toffee,18
grenadine,18
Ranch,18
bengal,18
flax,18
Beans,18
tempeh,18
strong,18
calimyrna,18
fresno,18
gemelli,18
tongue,18
jalape,18
spelt,18
dinner,18
bucatini,18
lotus,18
Spice,17
soya,17
granola,17
Light,17
choi,17
bells,17
ruby,17
pak,17
collards,17
soppressata,17
jackfruit,17
spare,17
marshmallow,17
sorrel,17
pack,17
bocconcini,17
matcha,17
toor,17
blanco,17
runny,17
soft-boiled,17
octopuses,17
Pillsburyâ„¢,17
blossoms,17
oatmeal,17
sauvignon,17
parmagiano,17
morel,16
Sugar,16
dip,16
gingersnap,16
prosecco,16
citron,16
Cheddar,16
blanc,16
Cuisine,16
min,16
toppings,16
caesar,16
mincemeat,16
carnaroli,16
ramps,16
Dinner,16
snails,16
california,16
chilegarlic,16
gras,16
Pace,16
roquefort,16
Broth,16
virgin,16
feet,16
foie,16
shirataki,15
Thick,15
focaccia,15
varnish,15
peperoncini,15
Sour,15
game,15
Smoked,15
winter,15
Biryani,15
cookie,15
aleppo,15
Cereal,15
ravva,15
poha,15
corn-on-the-cob,15
cuban,15
lemon-lime,15
giblet,15
4,15
Crescent,15
Equal,15
Frangelico,15
fatback,15
fatfree,15
lowsodium,15
breadstick,15
shiro,15
lily,15
cassia,15
tonkatsu,15
tentacles,15
pigeon,15
rings,15
cool,15
pinot,15
ValleyÂ®,15
doritos,15
Hidden,15
citrus,14
sum,14
popcorn,14
soft-wheat,14
sprite,14
tomatillo,14
riesling,14
gala,14
chihuahua,14
slab,14
chÃ¨vre,14
Baking,14
pla,14
Dungeness,14
40%,14
Greek,14
undrain,14
extra-lean,14
pot,14
Herdez,14
grappa,14
condiments,14
macadamia,14
schnapps,14
stone,14
rendered,14
segments,14
Angostura,14
fresca,14
Soy,14
sparkling,14
shaoxing,14
cola,14
quinces,14
minicub,14
Wish-Bone,14
coca-cola,14
Spike,14
wraps,14
meyer,14
Brown,14
manioc,14
capellini,14
Butter,14
well,14
parboiled,14
sazon,14
converted,14
Rolls,14
Refrigerated,14
mackerel,14
KnorrÂ®,14
Knorr,13
mesclun,13
carnitas,13
grilled,13
siu,13
fruits,13
pies,13
"bread,",13
piecrust,13
chia,13
chardonnay,13
marmite,13
matzo,13
marrow,13
sugars,13
decorating,13
Chili,13
roux,13
head,13
kaiser,13
Red,13
bertolli,13
Swanson,13
millet,13
monkfish,13
daal,13
Extra,13
country-style,13
Powder,13
minute,13
zinfandel,13
shuck,13
mirlitons,13
Meyer,13
carne,13
cassava,13
Andouille,13
mulato,13
icing,13
bar,13
channa,13
caramels,12
Baileys,12
All,12
cavatappi,12
Amaretti,12
Mild,12
ouzo,12
Kikkoman,12
kewra,12
ackee,12
thaw,12
pineapples,12
grit,12
cacao,12
forest,12
oat,12
Worcestershire,12
treacle,12
Nilla,12
cham,12
campari,12
Yakisoba,12
empanada,12
fishcake,12
carcass,12
masoor,12
Wafers,12
callaloo,12
groundnut,12
Chianti,12
Nutella,12
miniature,12
Apple,12
dandelion,12
albacore,12
Bisquick,12
sorbet,12
pate,12
turkei,12
fritos,12
fleshed,12
Tomato,12
peasant,12
linguini,12
muffins,12
wheels,12
goji,12
crookneck,12
roots,12
buds,12
streaky,12
burger,12
dog,12
bun,12
giardiniera,12
rosÃ©,12
edible,12
crisco,11
havarti,11
Virgin,11
cassis,11
kabocha,11
Tortillas,11
Jell-O,11
sub,11
yuzu,11
garnish,11
Parmesan,11
grana,11
shaved,11
merguez,11
lacinato,11
Salt,11
gherkins,11
cornflakes,11
Massaman,11
swanson,11
cabernet,11
agar,11
White,11
Emmenthal,11
patis,11
wing,11
cavatelli,11
drummettes,11
Himalayan,11
demerara,11
Gelatin,11
mortadella,11
Tomatoes,11
dhal,11
muenster,11
bisquick,11
guava,11
pimenton,11
southern,11
vin,11
american,11
santo,11
glace,11
iron,11
comfort,11
pectin,11
aioli,11
venison,11
tater,11
bitter,11
anjou,11
tots,11
ahi,11
Fuji,10
chenpi,10
Ground,10
"spaghetti,",10
sanding,10
hanger,10
Haas,10
avocados,10
marzipan,10
Purpose,10
Real,10
steamer,10
Sicilian,10
perciatelli,10
RanchÂ®,10
polish,10
snappers,10
Grated,10
Canola,10
Four,10
Chiles,10
raita,10
blackberry,10
atta,10
croissants,10
yam,10
spearmint,10
"chestnuts,",10
noir,10
steel-cut,10
Flakes,10
"pasta,",10
broad,10
up,10
fideos,10
Enchilada,10
Garlic,10
flaxseed,10
prego,10
traditional,10
fudge,10
Mayer,10
Oscar,10
furikake,10
Gold,10
satsuma,10
hibiscus,10
curls,10
raising,10
meatloaf,10
crostini,10
heads,10
cockles,10
cactus,10
padano,10
fries,10
pearls,9
merlot,9
leche,9
grade,9
jambalaya,9
hen,9
pumpernickel,9
calamata,9
dulce,9
tubetti,9
broiler-fryer,9
Pure,9
Medal,9
maltose,9
twists,9
chiffonade,9
imo,9
mahimahi,9
posole,9
mitsuba,9
sago,9
flanken,9
tenderizer,9
striped,9
'n,9
Hatch,9
margarita,9
burrata,9
kefalotyri,9
filo,9
drumstick,9
Cointreau,9
luke,9
drink,9
"chilies,",9
catsup,9
leafy,9
baton,9
boned,9
mochiko,9
Diced,9
tripe,9
Daisy,9
goose,9
liquor,9
chapati,9
burgundy,9
celtic,9
amaretti,9
european,9
pressed,9
rajma,9
OREOÂ®,9
somen,9
puy,9
shao,9
anglaise,9
hsing,9
fungus,9
coco,9
hog,9
khoa,9
gourd,8
Bouillon,8
Uncle,8
louisiana,8
Progresso,8
lychees,8
Gourmet,8
Hellmann'sÂ®,8
brats,8
cornhusks,8
tri-tip,8
Finely,8
Bengali,8
Verde,8
catalina,8
schmaltz,8
Heinz,8
emerils,8
sumac,8
chambord,8
gizzards,8
au,8
fines,8
lardons,8
Mazola,8
5,8
Blend,8
roe,8
piece,8
bottoms,8
Vegetable,8
umeboshi,8
bottom,8
other,8
rashers,8
lady,8
sandwiches,8
soymilk,8
coke,8
Crystal,8
dairy,8
browns,8
Black,8
broiler-fryers,8
Pasta,8
creamed,8
SargentoÂ®,8
pace,8
scrub,8
dende,8
"clams,",8
branzino,8
nacho,8
"topping,",8
Spicy,8
beet,8
calorie,8
33%,8
maldon,8
shoepeg,8
spiced,8
Sidesâ„¢,8
hemp,8
d'Espelette,8
rich,8
peppermint,8
bechamel,8
veget,8
Piment,8
crisps,8
kochujang,8
squirt,8
daniels,7
Picante,7
porterhouse,7
ears,7
buttery,7
Pompeian,7
bows,7
Edam,7
shortcrust,7
Asian,7
-,7
pierogi,7
wondra,7
assorted,7
acid,7
Cooking,7
banger,7
cheesi,7
Garden,7
GoldÂ®,7
petite,7
"vegetables,",7
nut,7
pepperidge,7
Kewpie,7
Islands,7
TACO,7
dolce,7
borlotti,7
chrysanthemum,7
shoga,7
uncle,7
BELLÂ®,7
bens,7
original,7
campanelle,7
fromage,7
shortbread,7
farm,7
jus,7
gaeta,7
pumpkinseed,7
challa,7
Links,7
Traditional,7
anejo,7
Miracle,7
Whip,7
wax,7
mo,7
pancakes,7
hanh,7
Spring!,7
petals,7
doenzang,7
Water,7
Balsamico,7
Cut,7
holy,7
jerusalem,7
buttercream,7
deep,7
NeufchÃ¢tel,7
dish,7
Brand,7
glazed,7
Zesty,7
Bianco,7
purpos,7
shimeji,7
noodle,7
(powder),7
capicola,7
frying,7
shanghai,7
spam,7
greek-style,7
brownie,7
dress,7
Splenda,7
panettone,7
butterscotch,7
mam,6
satsumas,6
Flavor,6
biscotti,6
coars,6
boar,6
Mozzarella,6
crispy,6
rioja,6
earl,6
wish,6
classic,6
greater,6
braising,6
young,6
balm,6
recipe,6
sugarcane,6
95%,6
mature,6
bliss,6
grey,6
panela,6
Frank'sÂ®,6
Fuyu,6
Tea,6
pumpkinseeds,6
burgundi,6
promise,6
sansho,6
(not,6
fat),6
"mussels,",6
convert,6
olek,6
collect,6
Bacon,6
premium,6
starchy,6
Accent,6
Texas,6
caper,6
Farms,6
beni,6
vineyard,6
scrubbed,6
sauterne,6
grill,6
barilla,6
russian,6
Ham,6
yum,6
Cayenne,6
rouille,6
RedHotÂ®,6
reduc,6
persimmons,6
canton,6
CURRY,6
skate,6
tom,6
pilaf,6
ic,6
reduction,6
rome,6
GUY,6
dessert,6
waffle,6
four,6
di,6
seitan,6
the,6
rosemari,6
kalonji,6
manzanilla,6
Stock,6
machine,6
bottle,6
goya,6
caribbean,6
filets,6
turtle,6
compote,6
peperoncino,6
Best,6
covered,6
acai,6
Onion,6
idli,6
pandan,6
adzuki,6
Bell,6
semi,6
flowering,6
mullet,6
moisture,6
wholemeal,6
Crackers,6
lipton,6
citric,6
gooseberries,6
Ritz,6
points,6
LiptonÂ®,6
framboise,6
gherkin,6
limoncello,6
Marzano,6
gremolata,6
clotted,6
Saigon,6
Veri,6
tri,6
San,6
calf,6
verbena,6
side,6
thousand,5
VayÂ®,5
Natural,5
yellowfin,5
seca,5
homestyl,5
farina,5
island,5
Aminos,5
pancit,5
pomelo,5
sundae,5
herring,5
unseasoned,5
mi,5
Dash,5
oloroso,5
Liquid,5
Lea,5
Bragg,5
sheepâ€™s,5
Perrins,5
Mrs.,5
gelato,5
sambuca,5
mezcal,5
puffed,5
Fiesta,5
whisky,5
rainbow,5
pattypan,5
knockwurst,5
chunk,5
Pizza,5
smooth,5
Marinade,5
tamales,5
jerky,5
Stonefire,5
Cholula,5
parma,5
Vinegar,5
shellfish,5
Crust,5
fiesta,5
bologna,5
day,5
(10,5
bing,5
camembert,5
soaking,5
konnyaku,5
pockets,5
rosewater,5
blade,5
Ben's,5
(14.5,5
slider,5
Scotch,5
cannelloni,5
aka,5
SYD,5
hollandaise,5
fregola,5
cavolo,5
burgers,5
protein,5
mary,5
bloody,5
alfalfa,5
Chilies,5
merluza,5
kasha,5
cherrystone,5
Casera,5
"capers,",5
remoulade,5
Domino,5
Up,5
negro,5
Goya,5
persimmon,5
tatsoi,5
kefir,5
orang,5
grass-fed,5
curaÃ§ao,5
pappadams,5
cuminseed,5
Rub,5
yucca,5
nero,5
escargot,5
home,5
originals,5
digestive,5
Whiskey,5
cress,5
sofrito,5
7,5
Kitchen,5
kasseri,5
globe,5
spiral,5
laurel,5
blackening,5
"bacon,",5
cannoli,5
crisp-cooked,5
Jarlsberg,5
ume,5
sooji,5
asada,5
porridge,5
"tomatoes,",5
nopalitos,5
parmigiana-reggiano,5
raisin,5
chilled,5
ducklings,4
chee,4
cuts,4
vie,4
wildflower,4
ganache,4
mixture,4
arhar,4
Mizkan,4
eau,4
medallions,4
karo,4
beaujolais,4
Bertolli,4
paddles,4
durum,4
proscuitto,4
virginia,4
Juice,4
jello,4
kim,4
calabaza,4
du,4
teardrop,4
nests,4
lentilles,4
ginseng,4
flowerets,4
leek,4
Land,4
O,4
LakesÂ®,4
microgreens,4
unagi,4
SaladÂ®,4
kamaboko,4
iced,4
thick,4
papad,4
Grain,4
cipollini,4
pozole,4
"muffins,",4
cajeta,4
Crisco,4
Ready,4
Ro-Tel,4
Ragu,4
corkscrew,4
linguica,4
rustic,4
rib-eye,4
banh,4
almondmilk,4
maitake,4
Classic,4
process,4
Oregano,4
leftover,4
savoiardi,4
yuca,4
burdock,4
con,4
grissini,4
muscat,4
frostings,4
snail,4
broil,4
Creamy,4
Lime,4
kohlrabi,4
starter,4
cultured,4
Ã©pices,4
quatre,4
Barilla,4
kahlua,4
Jameson,4
groats,4
violets,4
taleggio,4
Mustard,4
Cumin,4
praline,4
katsuo,4
london,4
crayfish,4
a,4
curing,4
clementines,4
kiwifruit,4
diet,4
dr.,4
tikka,4
wish-bone,4
Vanilla,4
gem,4
luncheon,4
tonic,4
"fettuccine,",4
Converted,4
thread,4
paella,4
bhindi,4
"links,",4
fri,4
tree,4
ampalaya,4
Recipe,4
santa,4
Jamaican,4
braeburn,4
granular,4
eel,4
chipotl,4
compressed,4
flake,4
"tuna,",4
tendons,4
mexico,4
recip,4
duxelles,4
curly-leaf,4
abura,4
age,4
crock,4
montreal,4
squabs,4
sashimi,4
Parsley,4
cava,4
brazil,4
acini,4
Yogurt,4
stickers,4
"crabmeat,",4
halloumi,4
whey,4
pepe,4
Candy,4
Artisan,4
kinchay,4
cloud,4
maui,4
Medjool,4
iodized,4
sichuanese,4
progresso,4
southwest,4
Ciabatta,4
mochi,4
thinli,4
hatcho,4
cantal,4
indian,4
pistou,4
Sticks,4
All-Purpose,4
chicken-apple,4
pickapeppa,4
veggie,4
Giantâ„¢,3
sucanat,3
lapsang,3
helix,3
Spray,3
creamer,3
Morton,3
SecretsÂ®,3
precooked,3
devil's,3
mentsuyu,3
mineral,3
any,3
Southern,3
bresaola,3
grained,3
Tokyo,3
paccheri,3
8,3
penn,3
pÃ¢tÃ©,3
mcintosh,3
culantro,3
Elmlea,3
TeriyakiÂ®,3
candlenuts,3
capocollo,3
capon,3
Buttery,3
full-fat,3
eggroll,3
Thin,3
Sharp,3
negi,3
tarama,3
(15,3
Boursin,3
sprig,3
chive,3
JohnsonvilleÂ®,3
rennet,3
Balance,3
peppered,3
mizuna,3
seville,3
boy,3
Cubes,3
keema,3
Deli,3
Swerve,3
rosa,3
tempura,3
Fresh,3
anisette,3
Crispy,3
redfish,3
brownies,3
pearled,3
clover,3
Kosher,3
Doubanjiang,3
pois,3
CrystalÂ®,3
Diamond,3
poppadoms,3
caul,3
Comfort,3
jujube,3
verjus,3
mie,3
d,3
vitamin,3
plus,3
chocolate-hazelnut,3
PHILADELPHIA,3
OF,3
bee,3
pollen,3
TOUCH,3
Krispies,3
clementine,3
unsmoked,3
chimichurri,3
carnation,3
tobiko,3
fructose,3
pollock,3
calcium,3
oleo,3
amber,3
pheasant,3
gobo,3
sockeye,3
mountain,3
canes,3
Slices,3
Quinoa,3
deep-fried,3
25%,3
piquillo,3
natto,3
ajinomoto,3
bihon,3
bushi,3
muscadine,3
Manzanilla,3
Smithfield,3
oyster-flavor,3
cho-cho,3
farofa,3
Base,3
pig's,3
Hellmann''s,3
pastis,3
mostaccioli,3
broiler,3
Eggland's,3
fatfre,3
YoplaitÂ®,3
butterflied,3
nibs,3
bagels,3
claws,3
treviso,3
fino,3
roti,3
prune,3
coulis,3
kidneys,3
gray,3
pilsner,3
sangria,3
preserv,3
panang,3
boudin,3
poppyseeds,3
torn,3
Ale,3
Pale,3
Good,3
kirschenliqueur,3
hawaiian,3
romain,3
Seasons,3
lettuc,3
yu,3
snaps,3
blueberry,3
eau-de-vie,3
hoja,3
erythritol,3
yellowtail,3
calabash,3
center-cut,3
Knudsen,3
M&M's,3
guinea,3
bolillo,3
alcohol,3
sturgeon,3
cooki,3
besan,3
(flour),3
quince,3
canning,3
Vinaigrette,3
Size,3
strozzapreti,3
cuttlefish,3
Bags,3
lop,3
chong,3
Kerrygold,3
tradit,3
Ben'sÂ®,3
RiceÂ®,3
saltine,3
Long,3
Fat,3
beverage,3
coarse-grain,3
Simply,3
croissant,3
tex,3
Creme,3
mex,3
Chipotle,3
Ginger,3
Peanut,3
tamale,3
amaranth,3
Oyster,3
grigio,3
enriched,3
Lily,3
Milk,3
eggnog,3
Minicubes,3
saba,3
herbed,3
scrod,3
kefalotiri,3
Beef,3
shark,3
sunchokes,3
mousse,3
pretzels,3
caciocavallo,3
turbot,3
BestÂ®,3
tube,3
Cajun,3
tartlet,3
flageolet,3
chicory,3
hero,3
strawberri,3
Whole,3
kabuli,3
puffs,3
stem,3
"chops,",3
pisco,3
clamato,3
za'atar,3
1,3
valencia,3
jelli,3
inch,3
fats,3
Chocolate,3
glucose,3
cheeks,3
swede,3
soursop,3
textured,3
tap,3
shapes,3
paddy,3
madeira,3
pad,3
Marcona,3
disco,3
kong-style,3
Pots,3
oliv,3
unsulphured,3
Pillsbury,3
pit,3
shungiku,3
Organic,3
kangkong,3
galanga,3
drambuie,3
milkfish,3
soi,3
katakuriko,3
carpaccio,3
made,3
potsticker,3
menthe,3
Melba,3
hong,3
licorice,3
aonori,3
mesquite,3
master,2
Iced,2
mentaiko,2
Herbs,2
tvp,2
Success,2
deviled,2
cortland,2
langoustines,2
ceylon,2
Robusto,2
Kung,2
TruvÃ­aÂ®,2
liverwurst,2
Bouquet,2
"tortellini,",2
Fish,2
dasheen,2
braggs,2
Pao,2
Sweet,2
Wish-BoneÂ®,2
triscuits,2
knoblauch,2
mellow,2
BlendsÂ®,2
Basil,2
sections,2
speck,2
beluga,2
tostitos,2
Tandoori,2
linguisa,2
tagliarini,2
chablis,2
Curry,2
Paste,2
giant,2
shishito,2
laughing,2
Tuttorosso,2
cow,2
zabaglione,2
Foods,2
filled,2
herbal,2
Muffin,2
sambhar,2
Jiffy,2
Pear,2
Bartlett,2
yaki-nori,2
Quorn,2
fast-rising,2
Cuervo,2
whiting,2
Cup,2
fen,2
house,2
cummin,2
chuno,2
racks,2
lambs,2
Chips,2
Cinnamon,2
sato,2
carp,2
Tamari,2
crosswise,2
matzos,2
(14,2
alfredostyle,2
piri-piri,2
Holland,2
House,2
Wine,2
flan,2
Manischewitz,2
hoop,2
butter-flavored,2
moscato,2
no-calorie,2
Foster,2
Jif,2
pippin,2
1/2,2
barolo,2
suckling,2
passover,2
loose,2
part,2
Jasmine,2
tricolor,2
Wesson,2
legumes,2
Chile,2
matsutake,2
cold-smoked,2
moulard,2
azuki,2
Wolf,2
lavash,2
rooster,2
JonshonvilleÂ®,2
hing,2
sherbet,2
hamachi,2
BreyersÂ®,2
Ice,2
Jose,2
cholesterol,2
nama,2
sucralose,2
teleme,2
IslandsÂ®,2
cole,2
V8,2
alum,2
Garam,2
colorado,2
nugget,2
Earth,2
v8,2
Braeburn,2
Knox,2
Penne,2
Mountain,2
cajun-creole,2
chai,2
sweetbreads,2
alphabet,2
gomashio,2
tangelos,2
grassfed,2
vital,2
2,2
nappa,2
elderflower,2
to,2
t-bone,2
jimmies,2
Pete,2
beurre,2
maniÃ©,2
mozarella,2
tangzhong,2
boysenberries,2
tex-mex,2
chuka,2
ginkgo,2
mora,2
knuckle,2
unsalt,2
Breakstoneâ€™s,2
strained,2
Sauvignon,2
multigrain,2
dr,2
kasu,2
poussins,2
breadfruit,2
needles,2
Reblochon,2
Fisher,2
raclette,2
chilean,2
3,2
lb.,2
"chicken,",2
serving,2
Pepperidge,2
Farm,2
Puff,2
Pastry,2
robiola,2
Cara,2
raspberri,2
roughy,2
seamless,2
Sheets,2
padron,2
uni,2
Hellmann's,2
mostarda,2
Dijon,2
Lipton,2
wheatberries,2
pummelo,2
porter,2
sheet,2
levain,2
zero,2
Dips,2
refined,2
fast,2
Ortega,2
paratha,2
Sides,2
la,2
Yuzukosho,2
Oigatsuo,2
Dried,2
Tsuyu,2
cross,2
ounc,2
drum,2
pÃ¢te,2
brisÃ©e,2
myzithra,2
rockfish,2
soft-shell,2
Blanc,2
double-dark,2
Franks,2
sack,2
papalo,2
viande,2
cascabel,2
comino,2
huitlacoche,2
kashmiri,2
Klondike,2
korma,2
conch,2
komatsuna,2
Nestle,2
chitterlings,2
pompano,2
perch,2
kokum,2
pignolis,2
usukuchi,2
beaters,2
Mission,2
non-dairy,2
shortcakes,2
arepa,2
caponata,2
Williams,2
Homemade,2
Tapatio,2
undiluted,2
Table,2
"concentrate,",2
nonpareils,2
fondant,2
Poire,2
malted,2
Starch,2
italian-style,2
"linguine,",2
kalamansi,2
Extract,2
Sun,2
saki,2
blackstrap,2
Progressoâ„¢,2
reposado,2
borage,2
genoise,2
tallow,2
Indian,2
muesli,2
razor,2
bison,2
Family,2
m&ms,2
fashioned,2
Dessert,2
accent,2
osetra,2
Alaskan,2
Oven-Ready,2
Kahlua,2
dukkah,2
Lasagne,2
kirschwasser,2
beau,2
castellane,2
monde,2
salsify,2
peppadews,2
trumpet,2
noodl,2
e-fu,2
heeng,2
herbsaint,2
Seed,2
cauliflowerets,2
Mushroom,2
trotters,2
ficelle,2
popped,2
Godiva,2
ox,2
Food's,2
karashi,2
dragees,2
america,2
DeLallo,2
Praline,2
BACARDIÂ®,2
prime,2
one,2
tropical,2
tail,2
pepperocini,2
Potatoes,2
Conimex,2
O'Brien,2
Manchego,2
butter!,2
not,2
it',2
fowl,2
believ,2
pod,2
garland,2
can't,2
scallopini,2
i,2
anasazi,2
szechuan,2
casing,2
FoodsÂ®,2
Taiwanese,2
high-gluten,2
Pam,2
panch,2
Pork,2
alaskan,2
carambola,2
cola-flavored,2
eating,2
moroccan,2
Reduced,2
marrons,2
petit,2
aspic,2
cabrales,2
thickeners,2
terrine,2
frangipane,2
bacardi,2
Leaves,2
jamaica,2
frogs,2
Dean,2
finger,2
Jimmy,2
wingettes,2
pho,2
Bay,2
skinned,2
moss,2
bhaji,2
pastina,2
abalone,2
Ketchup,2
chapatti,2
wagon,2
ibarra,2
Nido,1
redcurrant,1
sablefish,1
Honey,1
streusel,1
Bunches,1
yoplait,1
Malbec,1
hachiya,1
brains,1
true,1
chioggia,1
Colby,1
abbamele,1
boquerones,1
nen,1
ranchero,1
French's,1
NibletsÂ®,1
piccolini,1
cordial,1
hickory-flavored,1
Steamersâ„¢,1
half-and-half,1
conger,1
skin-on,1
spot,1
Oats,1
straight,1
pinipig,1
do,1
poolish,1
Rigate,1
fiber,1
Ronzoni,1
ritz,1
opal,1
miswa,1
beech,1
s,1
Cube,1
sardi,1
lillet,1
Mixers,1
soft-shelled,1
haricot,1
Lemon,1
Margarita,1
tomate,1
neem,1
Balsamic,1
gnocchetti,1
chua,1
brill,1
trenne,1
farfallini,1
masur,1
mian,1
dzem,1
Pie,1
Crusts,1
anardana,1
macadamias,1
Cabernet,1
samphire,1
guanabana,1
Gravy,1
belacan,1
hijiki,1
ogura-an,1
chowchow,1
Hogue,1
fat-trimmed,1
third,1
Sodium,1
Dijonnaise,1
100,1
piquin,1
fedelini,1
promis,1
beetroot,1
Castelvetrano,1
breadcrumb,1
Nielsen-Massey,1
cholent,1
Crockerâ„¢,1
unhulled,1
Betty,1
comice,1
Hawaiian,1
sun,1
bigoli,1
cucuzza,1
tat,1
sevruga,1
OrganicÂ®,1
Everglades,1
Daniels,1
poi,1
Neapolitan,1
Artichoke,1
Hearts,1
lovage,1
Wings,1
barramundi,1
lambrusco,1
Adobo,1
Gouda,1
cal,1
nonhydrogenated,1
50%,1
fiddlehead,1
delicata,1
Sangiovese,1
pullman,1
braised,1
breaded,1
ferns,1
Kettle,1
verjuice,1
nian,1
cepe,1
pop,1
Kim,1
Crawford,1
Harvest,1
Blackened,1
Plum,1
arak,1
tubettini,1
Bean,1
Amarena,1
Raw,1
Brats,1
crouton,1
unsweeten,1
Peeled,1
chateaubriand,1
Zatarains,1
Creole,1
hoi,1
Tuaca,1
Less,1
Hurst,1
Shaped,1
romana,1
fuji,1
'N,1
JOHNSONVILLEÂ®,1
velvet,1
Dole,1
Seven,1
Lettuces,1
Nakano,1
Seasoned,1
wieners,1
Skippy,1
cotechino,1
sicilian,1
bowls,1
tupelo,1
kha,1
crumble,1
muscadet,1
FarmsÂ®,1
tuong,1
spear,1
xuxu,1
dogfish,1
Low,1
Poupon,1
krachai,1
Nu-Salt,1
Cottage,1
Substitute,1
bluefish,1
rapini,1
"twists,",1
rouget,1
shanghai-style,1
knox,1
yuba,1
d'asti,1
horse,1
Medium,1
squirrel,1
deluxe,1
Silk,1
Soymilk,1
Grey,1
Duncan,1
Plus,1
Hines,1
conchiglie,1
Makers,1
gammon,1
activ,1
tabbouleh,1
Mark,1
Milkfat,1
Whisky,1
ranch-style,1
ketjap,1
Daiya,1
Slim,1
Cotto,1
Salami,1
Challenge,1
Brew,1
Cake,1
Dip,1
McCormickÂ®,1
cupcakes,1
surimi,1
cottag,1
vienna,1
mccormick,1
no-chicken,1
perfect,1
burro,1
pinch,1
tomato-and-basil,1
popsicle,1
ridged,1
chex,1
angelica,1
pastrami,1
kataifi,1
ocean,1
King,1
Yoghurt,1
High,1
Arthur,1
Gluten,1
Free,1
shad,1
boiler,1
szu,1
100%,1
dream,1
hint,1
Wasabi,1
potassium,1
carbonate,1
ataulfo,1
Lasagna,1
hushpuppy,1
olivada,1
Hershey,1
Special,1
K,1
Dreamfields,1
caciotta,1
octopus,1
Mo,1
doughnuts,1
Qua,1
firmli,1
riblets,1
german,1
madagascar,1
bermuda,1
snip,1
Domaine,1
trang,1
Superior,1
chamomile,1
taglierini,1
recaito,1
hakusai,1
bream,1
orgeat,1
Monte,1
honeycomb,1
escalopes,1
cups,1
wensleydale,1
Margherita,1
Doritos,1
Tortilla,1
raki,1
Kernel,1
ribeye,1
Giant,1
Bramley,1
Herb,1
honey-flavored,1
shred,1
varieti,1
Key,1
MultiPurpose,1
corncobs,1
alouette,1
madeleine,1
Dubliner,1
HOME,1
ORIGINALSÂ®,1
ratatouille,1
george,1
dickel,1
Farmhouse,1
Originals,1
Canton,1
Pepperoni,1
gravlax,1
Toast,1
Crunch,1
tortelloni,1
yodel,1
Potato,1
Matzo,1
Meal,1
arctic,1
Biscuits,1
KNUDSEN,1
Chartreuse,1
aloe,1
Honeysuckle,1
WhiteÂ®,1
Chobani,1
Turkey,1
butterhead,1
phoron,1
cumberland,1
Colman's,1
manouri,1
soy-based,1
frankfurters,1
mahlab,1
pike,1
winesap,1
friselle,1
aquavit,1
Del,1
Jagermeister,1
huckleberries,1
pasteurized,1
chaurice,1
calabrese,1
gumdrops,1
nettle,1
bellpepper,1
Naan,1
paradise,1
grains,1
blended,1
sucrolose,1
submarine,1
nondairy,1
culinary,1
lecithin,1
BREAKSTONE'S,1
crabapples,1
Strips,1
Imperial,1
Tyson,1
loofah,1
angled,1
semi-soft,1
garbanzos,1
wasabe,1
darjeeling,1
nashi,1
layer,1
meats,1
ti,1
filipino,1
ricard,1
gel,1
poured,1
jujubes,1
Cornbread,1
Martha,1
moose,1
petits,1
parslei,1
amontillado,1
graviera,1
RaguÂ®,1
Robusto!Â®,1
"wine,",1
bai,1
cai,1
"white,",1
lobsters,1
spiny,1
accompaniment,1
Kroger,1
kingfish,1
membrillo,1
greekstyl,1
habas,1
petrale,1
Yellow,1
rusk,1
Tequila,1
morcilla,1
buttercup,1
Rotel,1
tuscan,1
Fluff,1
Bordelaise,1
haloumi,1
smithfield,1
Single,1
maraschino,1
Confectioners,1
grilling,1
secret,1
pansies,1
chocolatecovered,1
Alexia,1
Waffle,1
Fries,1
vera,1
sheepshead,1
mrs.,1
dash,1
mantou,1
Tipo,1
00,1
high,1
Shells,1
sports,1
Sesame,1
Vegeta,1
Toasted,1
orchid,1
Argo,1
royal,1
scones,1
kamut,1
Regular,1
JOHNSONVILLE,1
vegetable-filled,1
farms,1
hillshire,1
doubl,1
chicharron,1
fettuccini,1
blackpepper,1
store-bought,1
Arrabbiata,1
bagel,1
shin,1
cornstarch,1
macarons,1
hoagi,1
Marshmallow,1
primavera,1
lingcod,1
basa,1
teff,1
psyllium,1
bayonne,1
masago,1
jambon,1
amberjack,1
ladys,1
bark,1
No-Stick,1
Zatarainâ€™s,1
Germain,1
pro.activ,1
ceci,1
tender,1
Budweiser,1
phoran,1
pain,1
Mae,1
Ploy,1
pekoe,1
goma,1
hierba,1
sesame-ginger,1
casa,1
gao,1
picnic,1
Chik''n,1
Tenders,1
Pernod,1
patties,1
fern,1
meat-filled,1
ascorbic,1
saltpeter,1
awase,1
ammonium,1
Bob,1
Evans,1
96%,1
block,1
hip,1
evapor,1
Jambalaya,1
garbonzo,1
maca,1
kampyo,1
pane,1
multi-grain,1
mojo,1
Diet,1
Strawberry,1
Kiwi,1
bÃ¢tarde,1
New,1
York,1
PanetiniÂ®,1
toasts,1
Road,1
Saffron,1
bratwurst,1
pangasius,1
granita,1
kippered,1
lesser,1
falafel,1
dragon,1
bear,1
oriental,1
vinaigrett,1
shiraz,1
Crushed,1
chourico,1
Sparkling,1
Toulouse,1
chipped,1
Royal,1
lap,1
cheong,1
St,1
prik,1
Golden,1
Veggie,1
Fettuccine,1
MazolaÂ®,1
atlantic,1
portuguese,1
cones,1
sobrasada,1
Blanco,1
cheek,1
Queso,1
energy,1
Pecans,1
hickory,1
tuaca,1
mooli,1
Tostada,1
bock,1
longaniza,1
beverages,1
Camellia,1
Kidney,1
dulong,1
Noir,1
fruitcake,1
Pinot,1
woods,1
quahog,1
brittle,1
genmai,1
Estancia,1
Low-Moisture,1
Part-Skim,1
pocket,1
licor,1
43,1
amba,1
Chambord,1
lox,1
asakusa,1
hyssop,1
poundcake,1
cappuccino,1
nigari,1
Slice,1
opo,1
Better,1
Than,1
nuggets,1
Linguine,1
guacamol,1
burrito,1
Cox's,1
Orange,1
Pippin,1
pinhead,1
muscavado,1
liquorice,1
Ziti,1
jarred,1
niblets,1
despelette,1
gravenstein,1
laksa,1
piment,1
Big,1
melissa,1
Marble,1
blueberri,1
Hoisin,1
scape,1
riso,1
dangmyun,1
",",1
hake,1
wheel,1
angus,1
kisses,1
branca,1
menta,1
dhaniya,1
filÃ©,1
Heath,1
Bars,1
Gebhardt,1
Poppy,1
pareve,1
shiromiso,1
val,1
assam,1
fryers,1
franks,1
breader,1
Smart,1
Victoria,1
asti,1
spumante,1
Noodles,1
Taste,1
ngo,1
ready-made,1
A,1
jamon,1
lambic,1
moonshine,1
arame,1
kochu,1
chang,1
tradicional,1
Mezzetta,1
Sliced,1
Kalamata,1
Olives,1
peapods,1
hots,1
La,1
Minced,1
creami,1
pina,1
granary,1
TABASCOÂ®,1
baobab,1
preshred,1
kappa,1
artificial,1
Rose,1
demi,1
Ibarra,1
Cooked,1
Fully,1
high-fructose,1
artisan,1
standing,1
bÃ©nÃ©dictine,1
jarlsberg,1
jowl,1
blackcurrant,1
magret,1
pekin,1
blacan,1
topside,1
arrow,1
ikura,1
glacÃ©s,1
maifun,1
colada,1
Vadouvan,1
longan,1
dinosaur,1
ornamental,1
Cavenders,1
branston,1
bag,1
wolfberries,1
Fume,1
Mondavi,1
Robert,1
chopmeat,1
foccacia,1
Lager,1
biga,1
Minute,1
barberries,1
cardoons,1
freeze-dried,1
torpedo,1
mince,1
Breakfast,1
spreadable,1
Specials,1
v,1
kippers,1
hops,1
vindaloo,1
Olie,1
Wok,1
absinthe,1
Dew,1
Soda,1
pat,1
tony,1
chachere's,1
sloe,1
Galliano,1
hubbard,1
tropic,1
pointed,1
Wholesome,1
Sweeteners,1
grind,1
romanesco,1
Woksaus,1
Gember,1
farfalline,1
harusame,1
CreationsÂ®,1
chilcostle,1
stellette,1
soybeans,1
Karo,1
Syrup,1
chiltepÃ­n,1
India,1
crumpet,1
souchong,1
benne,1
muscovy,1
Pecan,1
Halves,1
Azteca,1
Barbecue,1
century,1
rape,1
stolichnaya,1
hellmannÃ¢â‚¬â„¢,1
Knoflook,1
fraise,1
